|x,y,z,id,height|
383929.76,6356610.26,192.59,1.0,23.69000610351563
383716.41000000003,6356908.19,186.87,2.0,26.170003051757817
383867.83999999997,6356926.75,182.37,3.0,18.09000122070313
383577.02,6356502.91,156.61,4.0,9.940001831054701
383585.70999999996,6356848.95,166.47,5.0,4.589995117187499
383504.53,6356714.89,176.63,6.0,16.53499877929687
383947.22,6356844.34,195.70000000000002,7.0,24.450000000000017
383607.73,6356702.38,172.88,8.0,13.870005493164058
383538.37,6356845.75,171.44,9.0,6.960004272460935
383714.87,6356780.73,185.69,10.0,19.070004882812498
383750.1,6356869.49,183.74,11.0,22.710001220703134
383755.05,6356503.07,172.74,12.0,6.230005493164072
383642.16000000003,6356831.59,177.64000000000001,13.0,17.470001831054702
383943.4,6356822.8,195.66,14.0,23.80999389648437
383835.94,6356913.1,182.9,15.0,18.769995117187506
383811.31,6356544.5,178.93,16.0,5.329993896484382
383556.02,6356608.49,168.76,17.0,4.409993896484366
383951.39,6356642.68,200.19,18.0,22.960004272460935
383654.07,6356566.48,166.08,19.0,5.4300061035156375
383940.95999999996,6356606.5,182.81,20.0,7.789995727539065
383971.83999999997,6356590.94,199.55,21.0,19.85999755859376
383710.62,6356737.81,183.86,22.0,16.970000610351576
383982.8,6356566.9,194.76,23.0,17.01999450683593
383946.72,6356713.93,188.58,24.0,11.449995117187513
383975.81,6356541.8,186.68,25.0,9.430000000000007
383748.89,6356721.12,185.26,26.0,13.289998779296866
383844.19999999995,6356723.69,177.86,27.0,15.100005493164076
383620.76,6356777.54,182.54,28.0,23.400000610351555
383808.24,6356683.46,183.53,29.0,19.929993896484376
383927.44,6356788.16,186.92000000000002,30.0,15.179994506835953
383947.4,6356647.57,186.99,31.0,9.760004272460947
383902.33999999997,6356835.77,184.36,32.0,20.24999938964845
383820.32,6356801.19,182.36,33.0,18.729995117187514
383628.87,6356658.9,166.96,34.0,5.269997558593758
383790.03,6356799.54,182.75,35.0,14.589996337890625
383758.8,6356790.65,181.45000000000002,36.0,11.839999389648455
383601.35,6356748.62,178.39000000000001,37.0,18.830002441406265
383844.14,6356564.73,177.8,38.0,13.790005493164074
383998.92,6356650.81,198.42000000000002,39.0,13.190004272460953
383742.61,6356555.2,175.99,40.0,5.560007324218759
383875.57,6356588.8,172.62,41.0,9.440007324218755
383882.68,6356907.41,184.43,42.0,20.060004882812507
383515.78,6356703.06,181.37,43.0,19.569996948242192
383908.51,6356821.16,187.08,44.0,17.58999450683595
383791.22,6356848.04,186.4,45.0,16.260000610351568
383934.25,6356624.93,180.85,46.0,11.120004272460932
383973.33999999997,6356614.39,191.97,47.0,11.800001831054686
383831.98,6356951.37,188.58,48.0,19.889997558593763
383944.28,6356784.14,188.25,49.0,16.25
383577.07,6356691.39,182.63,50.0,23.609995727539058
383903.5,6356541.08,173.92000000000002,51.0,9.720003051757828
383624.03,6356958.73,166.35,52.0,4.170007324218744
383865.24,6356893.55,183.05,53.0,18.839993286132824
383535.44999999995,6356779.26,170.38,54.0,4.900004272460933
383527.58999999997,6356689.84,178.47,55.0,16.999998779296874
383511.56,6356735.68,179.64000000000001,56.0,16.649994506835952
383598.79000000004,6356896.18,165.67000000000002,57.0,4.559999389648453
383940.25,6356645.16,182.79,58.0,9.54999450683593
383802.76,6356703.81,183.61,59.0,19.99999938964845
383786.57,6356734.8,183.82,60.0,17.980003662109368
383975.39,6356885.83,198.88,61.0,22.60000122070312
383725.39,6356855.14,183.99,62.0,22.950006713867197
383553.64,6356824.15,169.57,63.0,6.239998168945306
383668.47,6356999.65,165.6,64.0,5.549996948242182
383713.26,6356809.94,185.02,65.0,18.02000000000001
383531.97,6356571.28,159.61,66.0,4.990004882812514
383990.72,6356732.96,198.20000000000002,67.0,13.289996337890642
383991.55,6356521.13,187.07,68.0,11.609993286132806
383668.65,6356849.35,182.81,69.0,22.619997558593752
383997.0,6356525.23,188.78,70.0,13.289994506835939
383776.65,6356691.71,183.43,71.0,19.030006103515632
383562.02,6356594.24,167.41,72.0,5.189998779296872
383506.29000000004,6356991.45,185.09,73.0,19.629993286132816
383835.01,6356566.39,179.37,74.0,7.9899951171875045
383982.22,6356687.66,201.72,75.0,17.190001220703124
383985.9,6356647.12,192.91,76.0,9.859996948242184
383799.42,6356519.84,176.20000000000002,77.0,4.069995117187517
383687.76,6356640.03,170.15,78.0,4.959997558593756
383526.23,6356992.37,184.63,79.0,18.620005493164058
383727.19,6356644.82,179.18,80.0,6.849998168945319
383516.25,6356728.55,183.5,81.0,20.199996948242188
383765.76,6356687.89,185.44,82.0,15.619992675781248
383857.11,6356938.5,191.01,83.0,25.34000183105468
383673.85,6356997.6,168.39000000000001,84.0,10.940003051757827
383609.82999999996,6356541.31,163.1,85.0,3.9800048828124943
383877.72,6356752.37,179.47,86.0,8.639998168945311
383826.49,6356925.9,171.79,87.0,7.260001220703117
383915.66000000003,6356918.29,188.70000000000002,88.0,21.300006103515642
383778.70999999996,6356640.25,177.17000000000002,89.0,6.050004882812516
383613.18,6356951.8,168.15,90.0,5.500006103515631
383659.74,6356896.29,179.41,91.0,21.919994506835934
383548.62,6356565.35,161.54,92.0,4.2399969482421795
383503.53,6356731.47,180.26,93.0,19.62999511718749
383708.73,6356531.21,167.37,94.0,4.390004272460942
383857.23,6356724.88,172.15,95.0,9.010000610351568
383758.55,6356622.96,181.20000000000002,96.0,6.729998779296892
383906.29000000004,6356783.25,189.68,97.0,16.04000061035157
383828.23,6356565.18,177.61,98.0,4.779998168945326
383904.15,6356903.12,183.55,99.0,18.790005493164074
383591.88,6356917.45,169.89000000000001,100.0,5.250000610351577
383712.76,6356716.42,186.93,101.0,19.890006713867194
383942.06,6356523.68,195.88,102.0,20.010004882812495
383868.56,6356509.28,179.02,103.0,13.100001831054698
383904.8,6356773.92,196.77,104.0,23.439998168945323
383706.6,6356869.0,187.22,105.0,26.83000061035156
383627.20999999996,6356676.49,168.76,106.0,4.590001831054678
383789.57999999996,6356906.71,170.39000000000001,107.0,2.24000610351564
383879.07,6356510.16,192.4,108.0,23.670004272460943
383727.1,6356535.55,169.56,109.0,4.39000183105469
383580.75,6356534.47,156.59,110.0,4.970004882812503
383584.94,6356768.96,179.84,111.0,20.959995117187503
383881.24,6356941.64,188.76,112.0,23.20000244140624
383816.92,6356780.98,179.1,113.0,15.980004882812494
383799.39,6356586.66,178.09,114.0,4.289996948242191
383736.15,6356818.95,185.57,115.0,17.480003662109368
383952.12,6356816.69,194.75,116.0,20.800003051757812
383834.4,6356860.3,183.28,117.0,17.890000610351564
383953.12,6356613.3,187.3,118.0,10.479992675781261
383979.17,6356584.58,199.34,119.0,20.030002441406253
383531.15,6356598.14,160.69,120.0,4.020001831054685
383950.32999999996,6356553.61,194.21,121.0,15.93999572753907
383725.48,6356930.01,180.87,122.0,18.45999633789063
383985.77,6356665.2,194.63,123.0,10.430003051757808
383962.23,6356740.63,206.32,124.0,25.349998779296868
383946.79000000004,6356916.58,196.04,125.0,24.360007324218742
383694.53,6356886.43,185.78,126.0,26.619996337890626
383998.3,6356588.1,197.31,127.0,17.119997558593752
383813.24,6356747.8,177.5,128.0,14.699996948242188
383968.65,6356607.34,197.9,129.0,17.760000610351568
383690.72,6356702.56,186.56,130.0,19.690004882812502
383716.93,6356735.12,184.87,131.0,18.000004882812505
383565.43,6356913.78,171.48,132.0,4.259998779296865
383783.11,6356703.47,182.64000000000001,133.0,18.589996948242202
383750.19,6356849.55,183.96,134.0,18.420006713867195
383867.03,6356715.05,182.6,135.0,19.310006713867182
383852.13,6356912.74,187.96,136.0,23.659996948242195
383854.86,6356839.87,180.67000000000002,137.0,17.72000305175783
383618.01,6356934.18,167.59,138.0,6.200000610351566
383811.31,6356890.86,187.14000000000001,139.0,18.309998168945327
383905.23,6356703.66,172.85,140.0,8.920007324218744
383577.48,6356547.9,160.1,141.0,4.749993896484369
383928.85,6356501.61,183.93,142.0,12.650001220703132
383960.8,6356569.17,199.46,143.0,20.719994506835945
383780.66000000003,6356842.58,186.44,144.0,16.839993896484373
383952.24,6356574.18,192.99,145.0,14.100000610351572
383611.82,6356761.17,177.97,146.0,18.97
383876.16000000003,6356955.33,185.06,147.0,17.52000671386719
383536.52,6356566.66,160.24,148.0,4.840006103515634
383577.8,6356675.1,165.66,149.0,6.290004882812497
383755.32999999996,6356701.84,191.43,150.0,17.950004272460944
383834.63,6356680.65,180.91,151.0,18.370006713867184
383996.11,6356945.53,195.96,152.0,21.780007324218758
383667.41000000003,6356904.98,180.52,153.0,22.749995727539073
383912.73,6356906.87,187.34,154.0,21.649997558593753
383771.70999999996,6356879.35,185.95000000000002,155.0,17.759997558593767
383904.76,6356797.12,189.43,156.0,16.709998779296882
383696.94,6356524.6,162.48,157.0,3.4500012207031148
383720.69999999995,6356995.1,167.15,158.0,10.819998168945318
383853.61,6356941.97,187.35,159.0,20.95000610351562
383706.35,6356744.46,187.67000000000002,160.0,20.75999633789064
383944.61,6356865.34,192.37,161.0,22.22000610351563
383944.42,6356570.23,195.75,162.0,17.419998168945312
383985.19,6356866.36,192.20000000000002,163.0,11.209994506835955
383628.06,6356943.58,166.57,164.0,5.900001831054681
383994.37,6356955.59,196.68,165.0,23.739997558593757
383531.37,6356566.67,158.09,166.0,4.550006713867191
383944.14,6356713.32,189.83,167.0,13.109998779296888
383538.81,6356857.51,170.11,168.0,5.080001220703139
383947.6,6356705.12,190.70000000000002,169.0,11.920001220703142
383938.39,6356535.06,184.92000000000002,170.0,9.550004882812516
383998.89,6356815.01,197.97,171.0,12.115004272460936
383886.69,6356916.72,182.9,172.0,18.56000366210938
383967.55,6356558.96,196.20000000000002,173.0,18.06000061035158
383909.70999999996,6356752.4,197.97,174.0,26.309996337890624
383807.94,6356877.39,187.56,175.0,17.459993896484377
383963.39,6356998.65,173.67000000000002,176.0,4.599992675781266
383905.07999999996,6356558.76,178.33,177.0,14.330000000000013
383847.69999999995,6356860.33,180.52,178.0,16.939998168945323
383985.55,6356803.18,193.9,179.0,9.280004882812506
383944.56,6356947.71,191.44,180.0,20.079999389648435
383559.05,6356739.42,181.0,181.0,21.94000244140625
383774.93,6356910.15,174.37,182.0,10.049992675781255
383710.35,6356705.29,187.21,183.0,19.920006713867195
383512.87,6356689.45,182.17000000000002,184.0,21.670000000000016
383902.49,6356622.06,173.08,185.0,9.680006103515638
383539.03,6356729.01,167.31,186.0,4.58000427246094
383965.18,6356822.36,188.71,187.0,11.20000549316407
383636.05,6356669.37,169.20000000000002,188.0,4.9299957275390796
383824.79000000004,6356837.82,184.4,189.0,18.760000610351568
383945.94,6356928.17,193.9,190.0,22.329992675781256
383664.76,6356904.55,182.15,191.0,24.56000366210938
383644.19,6356585.38,166.35,192.0,4.879998779296869
383690.8,6356882.23,183.28,193.0,24.080003051757814
383733.3,6356945.69,167.17000000000002,194.0,2.9700030517578284
383997.44999999995,6356654.6,197.94,195.0,12.829999389648435
383626.97,6356749.6,175.53,196.0,8.160004882812501
383990.91000000003,6356957.19,196.54,197.0,24.780005493164055
383583.39,6356746.08,178.20000000000002,198.0,19.289996337890642
383578.26,6356731.04,177.14000000000001,199.0,18.029999389648452
383782.66000000003,6356861.76,187.51,200.0,17.789998779296866
383943.31,6356745.21,187.55,201.0,13.010006713867199
383738.32,6356659.85,179.56,202.0,6.349993286132815
383628.32,6356899.76,178.77,203.0,21.130000610351573
383810.19,6356829.78,184.59,204.0,14.170001831054691
383584.23,6356632.21,168.98,205.0,5.220005493164052
383946.66000000003,6356577.09,190.81,206.0,12.349993286132815
383825.05,6356598.09,177.52,207.0,4.980006713867198
383822.48,6356516.09,176.26,208.0,4.649999389648428
383599.9,6356721.34,179.65,209.0,20.439993286132818
383672.69,6356636.79,168.44,210.0,5.029996337890623
383705.74,6356753.77,185.68,211.0,18.829993896484382
383525.15,6356853.01,171.26,212.0,5.599996337890616
383983.57999999996,6356704.07,195.0,213.0,11.19000244140625
383741.94,6356728.52,188.12,214.0,16.700001831054692
383782.74,6356764.02,179.62,215.0,11.70999633789063
383975.03,6356785.28,193.78,216.0,11.819993286132814
383948.39,6356517.16,186.32,217.0,10.159996337890618
383702.68,6356800.56,182.07,218.0,15.439995117187493
383943.82999999996,6356830.57,194.03,219.0,22.47000244140625
383685.78,6356581.83,168.19,220.0,6.270001831054685
383707.53,6356702.61,186.9,221.0,19.829992675781256
383820.69,6356937.29,187.33,222.0,20.21999938964845
383964.15,6356838.51,194.03,223.0,18.000001220703126
383948.32999999996,6356703.17,190.20000000000002,224.0,11.220004272460955
383587.5,6356906.99,170.71,225.0,6.609993896484383
383704.57999999996,6356522.61,164.99,226.0,4.460001220703134
383692.19999999995,6356506.15,159.64000000000001,227.0,4.690003051757827
383970.66000000003,6356924.01,196.63,228.0,23.919993286132808
383532.31,6356527.06,158.48,229.0,10.069996337890615
383528.32999999996,6356696.62,179.48,230.0,17.97999999999999
383684.57999999996,6356800.22,181.74,231.0,15.469995727539072
383774.64,6356817.83,186.02,232.0,16.38999511718751
383662.69999999995,6356743.6,173.69,233.0,4.660001220703123
383752.91000000003,6356913.72,166.83,234.0,4.690000610351575
383822.39,6356694.25,183.56,235.0,20.479998168945315
383518.1,6356823.11,170.49,236.0,5.570001831054697
383789.33999999997,6356769.91,183.59,237.0,16.59999450683594
383502.02,6356539.91,158.51,238.0,15.470006713867178
383824.68,6356889.18,185.95000000000002,239.0,17.720004272460955
383980.18,6356627.9,192.16,240.0,10.949993286132809
383522.8,6356548.73,155.37,241.0,6.670003051757817
383751.23,6356904.28,165.81,242.0,4.899996337890627
383813.39,6356903.19,189.21,243.0,20.980004272460945
383976.08999999997,6356517.78,188.03,244.0,11.819993286132814
383628.45999999996,6356507.96,154.41,245.0,5.020000610351559
383705.99,6356702.6,191.34,246.0,24.36999877929688
383955.18,6356946.43,192.0,247.0,20.67999267578125
383590.05,6356814.45,182.14000000000001,248.0,23.020004882812515
383705.97,6356845.25,179.39000000000001,249.0,15.179993286132827
383662.15,6356513.93,155.79,250.0,4.950003662109367
383829.51,6356653.41,172.97,251.0,7.330000610351561
383736.06,6356999.0,175.33,252.0,14.249998168945325
383973.26,6356901.0,185.69,253.0,11.969998779296873
383698.49,6356942.15,162.38,254.0,5.680003051757808
383840.51,6356523.21,178.92000000000002,255.0,15.720003051757828
383657.82999999996,6356525.59,158.8,256.0,7.229992675781261
383727.06,6356546.98,173.55,257.0,5.329998779296886
383705.39,6356698.97,186.09,258.0,19.129993286132816
383535.15,6356764.65,168.72,259.0,4.369993896484374
383961.16000000003,6356864.35,194.49,260.0,21.340006103515634
383895.4,6356830.91,184.58,261.0,21.050001220703138
383721.13,6356724.28,185.46,262.0,18.560006103515633
383690.9,6356956.9,159.92000000000002,263.0,3.6300067138672034
383992.07999999996,6356908.84,190.18,264.0,12.060004882812507
383935.87,6356546.73,181.39000000000001,265.0,7.850006713867202
383668.67,6356940.08,175.3,266.0,18.18999938964845
383508.41000000003,6356615.62,167.89000000000001,267.0,16.899994506835952
383751.27,6356705.74,191.01,268.0,17.53000427246093
383845.17,6356995.25,186.64000000000001,269.0,9.815003051757827
383882.41000000003,6356724.94,175.12,270.0,8.95999633789063
383586.3,6356729.06,179.09,271.0,19.910007324218753
383786.41000000003,6356653.33,173.68,272.0,5.019996337890632
383957.9,6356784.18,185.36,273.0,8.979995117187514
383815.39,6356711.44,180.21,274.0,17.170006713867195
383960.07999999996,6356797.9,192.61,275.0,12.999999389648451
383656.6,6356814.97,177.73,276.0,18.009998779296865
383914.73,6356951.57,190.6,277.0,22.299996948242182
383948.51,6356895.25,194.53,278.0,23.679993896484376
383712.47,6356766.28,180.26,279.0,13.560003051757803
383744.4,6356795.17,184.70000000000002,280.0,15.44000549316408
383944.37,6356742.79,186.73,281.0,11.65999267578124
383870.4,6356787.4,176.22,282.0,11.919996948242186
383864.9,6356527.91,181.41,283.0,16.740001831054684
383789.86,6356687.22,185.38,284.0,21.52999389648437
383516.6,6356575.12,156.94,285.0,6.100003662109373
383773.18,6356766.37,181.78,286.0,13.550004272460939
383947.14,6356907.49,194.36,287.0,22.720000610351576
383603.3,6356984.73,170.61,288.0,6.080001220703139
383985.70999999996,6356537.0,191.17000000000002,289.0,13.780000610351578
383583.95999999996,6356790.25,170.14000000000001,290.0,11.580002441406265
383851.54000000004,6356882.61,183.48,291.0,19.580006103515615
383585.28,6356695.34,179.15,292.0,20.069998168945318
383988.55,6356575.16,196.4,293.0,18.12000122070313
383526.78,6356783.29,171.41,294.0,6.309993896484372
383912.25,6356906.24,186.94,295.0,21.529996337890623
383596.12,6356702.34,179.42000000000002,296.0,20.41000549316408
383985.69999999995,6356788.24,194.97,297.0,9.609999389648436
383923.19999999995,6356670.06,182.20000000000002,298.0,13.00000305175783
383984.81,6356756.83,194.82,299.0,9.76999694824218
383830.58999999997,6356699.54,178.95000000000002,300.0,16.259997558593767
383797.39,6356627.3,176.67000000000002,301.0,4.819993896484391
383879.77,6356743.15,178.02,302.0,7.370006103515635
383856.32999999996,6356525.83,177.35,303.0,14.099999999999994
383908.05,6356809.1,188.65,304.0,16.42999877929688
383743.17,6356775.22,182.5,305.0,12.55999755859375
383725.57999999996,6356839.39,182.9,306.0,17.37000122070313
383924.55,6356951.8,194.29,307.0,24.019995727539055
383587.36,6356781.8,180.46,308.0,21.26000305175782
383663.32,6356944.77,176.19,309.0,19.260007324218748
383972.32,6356582.08,195.24,310.0,16.29999755859376
383939.1,6356824.66,192.8,311.0,21.449993896484386
383674.37,6356704.74,189.77,312.0,22.990001220703135
383630.77,6356903.8,179.13,313.0,21.499995117187495
383547.85,6356520.17,156.68,314.0,10.439994506835944
383937.01,6356624.94,182.01,315.0,11.420003662109366
383679.19,6356886.35,181.36,316.0,22.779998168945326
383667.23,6356880.59,178.12,317.0,19.989995117187505
383945.44,6356902.74,189.99,318.0,18.999994506835947
383786.69999999995,6356691.71,188.04,319.0,24.00000671386718
383624.78,6356544.07,166.57,320.0,4.219993896484368
383784.75,6356950.09,170.71,321.0,3.710000000000008
383585.73,6356562.84,160.72,322.0,4.109999389648436
383946.55,6356826.13,191.84,323.0,19.649997558593753
383547.94999999995,6356805.12,168.36,324.0,5.690001831054701
383905.19999999995,6356641.46,184.3,325.0,20.87000732421876
383656.32,6356877.18,178.24,326.0,20.639993896484384
383557.0,6356723.23,176.32,327.0,17.409996337890618
383796.79000000004,6356717.7,183.31,328.0,19.75999694824219
383745.57999999996,6356780.04,181.04,329.0,11.319998779296867
383999.62,6356709.21,197.96,330.0,12.540001831054695
383638.65,6356980.87,166.95000000000002,331.0,4.2399932861328296
383517.15,6356803.7,168.61,332.0,5.830001220703139
383704.73,6356820.86,184.34,333.0,17.72999938964844
383680.75,6356827.46,182.65,334.0,21.709997558593756
383731.28,6356993.87,169.23,335.0,10.509998779296865
383527.36,6356739.34,184.92000000000002,336.0,20.45999328613283
383741.92,6356846.34,182.88,337.0,18.54000366210937
383597.94999999995,6356780.47,179.51,338.0,20.58000732421874
383634.73,6356505.54,153.28,339.0,4.360001831054689
383992.11,6356633.72,195.27,340.0,11.490001220703135
383930.02,6356928.13,189.1,341.0,18.469995117187494
383955.22,6356955.76,192.09,342.0,20.86999877929688
383867.12,6356880.76,181.81,343.0,17.839998779296877
383845.48,6356824.55,180.8,344.0,18.16999511718751
383549.57999999996,6356864.44,171.6,345.0,6.579995727539057
383936.49,6356897.6,190.63,346.0,20.010004882812495
383611.62,6356961.48,168.09,347.0,5.119998779296878
383674.79000000004,6356659.7,173.62,348.0,4.480000610351567
383692.52,6356619.35,168.77,349.0,5.09000732421876
383667.37,6356831.64,181.75,350.0,21.639999389648438
383689.94,6356832.25,181.78,351.0,17.569993286132814
383982.57,6356551.2,188.32,352.0,10.999992675781243
383757.13,6356507.84,173.72,353.0,5.729994506835936
383701.83999999997,6356508.06,160.69,354.0,2.9699987792968727
383907.9,6356585.99,172.37,355.0,8.319996948242192
383529.66000000003,6356867.6,171.19,356.0,5.869992675781248
383856.91000000003,6356571.08,175.61,357.0,12.410003051757826
383989.48,6356692.53,199.34,358.0,14.300006713867191
383650.18,6356985.21,166.81,359.0,4.739992675781252
383802.32,6356751.59,177.13,360.0,13.859995727539058
383676.52,6356563.72,166.5,361.0,6.0099945068359375
383662.19,6356865.52,181.86,362.0,22.789992675781264
383962.72,6356664.28,191.64000000000001,363.0,9.960007324218765
383513.51,6356667.37,179.34,364.0,18.84999450683594
383541.55,6356791.05,169.68,365.0,5.439994506835944
383705.63,6356981.39,160.38,366.0,4.3099926757812455
383954.70999999996,6356884.94,196.41,367.0,25.169994506835934
383963.79000000004,6356961.09,194.45000000000002,368.0,23.92999572753908
383575.99,6356645.54,168.85,369.0,4.739999389648432
383983.56,6356944.47,196.85,370.0,24.799996948242182
383717.42,6356545.03,171.49,371.0,4.850000610351572
383961.02,6356544.82,187.64000000000001,372.0,10.210007324218765
383990.52,6356842.36,194.18,373.0,11.109992675781257
383978.23,6356535.87,190.36,374.0,13.199996337890639
383997.57999999996,6356677.0,201.57,375.0,16.629997558593743
383778.88,6356829.71,186.32,376.0,16.359993286132806
383576.92,6356999.41,178.14000000000001,377.0,12.559998168945327
383559.78,6356864.47,169.82,378.0,4.900001831054681
383927.32999999996,6356815.33,190.53,379.0,18.95999267578125
383835.54000000004,6356940.32,187.59,380.0,20.92999633789063
383552.38,6356994.79,188.86,381.0,22.3150018310547
383944.20999999996,6356807.26,198.78,382.0,26.36000183105469
383986.31,6356602.64,191.98000000000002,383.0,10.950001220703143
383808.77,6356736.77,182.52,384.0,19.65000488281251
383579.69,6356721.31,176.42000000000002,385.0,17.360002441406266
383589.55,6356536.96,162.32,386.0,5.829994506835931
383819.76,6356898.24,186.22,387.0,17.559996337890624
383593.87,6356997.4,180.68,388.0,15.689994506835944
383803.69999999995,6356910.13,172.99,389.0,5.579996337890634
383915.24,6356656.94,174.58,390.0,10.240003662109388
383796.25,6356668.54,170.21,391.0,5.930001220703133
383901.14,6356930.76,188.38,392.0,22.760004882812495
383702.49,6356543.11,167.99,393.0,4.560007324218759
383981.94999999995,6356574.73,198.54,394.0,19.920004882812492
383686.61,6356813.07,183.3,395.0,17.57000427246095
383785.08999999997,6356707.42,181.27,396.0,17.32999755859376
383996.36,6356639.71,197.83,397.0,13.2799969482422
383786.29000000004,6356686.32,183.96,398.0,19.93999572753907
383891.44,6356827.04,185.72,399.0,22.46000549316406
383662.39,6356785.32,178.83,400.0,10.5299969482422
383597.22,6356904.91,165.48,401.0,3.7200054931640523
383696.03,6356630.97,170.26,402.0,5.120000610351553
383746.39,6356622.52,181.43,403.0,6.299995117187507
383718.56,6356608.15,187.06,404.0,14.849993286132815
383665.47,6356590.08,166.78,405.0,5.229996948242189
383969.11,6356674.15,197.4,406.0,14.75000610351563
383874.06,6356791.91,185.63,407.0,19.579996948242183
383525.54000000004,6356516.21,158.89000000000001,408.0,15.179993286132827
383517.69999999995,6356801.22,168.62,409.0,5.9700061035156295
383623.22,6356879.45,176.21,410.0,17.99999328613282
383674.23,6356860.88,180.8,411.0,20.9999969482422
383643.18,6356658.57,167.18,412.0,5.159995727539069
383536.63,6356878.34,172.68,413.0,6.450004272460944
383745.15,6356810.46,184.09,414.0,15.369998779296878
383660.14,6356845.28,182.48,415.0,22.569996337890615
383891.83999999997,6356874.97,183.22,416.0,19.249998779296874
383813.65,6356943.2,185.8,417.0,17.68000488281251
383759.52,6356674.66,186.23,418.0,15.019993286132802
383847.8,6356507.97,171.65,419.0,10.659994506835943
383960.38,6356505.96,186.88,420.0,10.98000610351562
383534.17,6356811.56,167.81,421.0,5.179995117187502
383758.94999999995,6356777.04,183.09,422.0,13.610004272460941
383924.65,6356622.09,173.99,423.0,7.740000000000009
383660.57999999996,6356543.39,162.81,424.0,6.619997558593752
383634.45999999996,6356870.52,177.18,425.0,19.640006713867194
383824.95999999996,6356691.51,183.04,426.0,19.959998168945305
383627.48,6356824.24,183.59,427.0,24.80000671386719
383894.32,6356631.26,169.5,428.0,6.8300018310546875
383980.58999999997,6356678.98,197.27,429.0,13.02000000000001
383706.75,6356707.31,186.08,430.0,19.080000000000013
383561.88,6356701.18,170.31,431.0,11.209993896484377
383763.05,6356814.01,186.74,432.0,17.590006103515634
383624.78,6356843.04,174.05,433.0,15.800000000000011
383685.31,6356821.73,185.12,434.0,21.20999633789063
383556.72,6356995.76,187.59,435.0,21.10499938964844
383997.66000000003,6356699.3,201.72,436.0,16.570006103515624
383917.79000000004,6356958.06,193.87,437.0,25.170003051757817
383909.32999999996,6356858.51,181.08,438.0,16.559995727539075
383550.0,6356777.45,166.28,439.0,5.050004272460939
383526.27,6356672.43,172.39000000000001,440.0,12.690003051757827
383776.12,6356865.68,187.67000000000002,441.0,18.22000305175783
383948.1,6356758.33,187.18,442.0,12.140006713867194
383996.70999999996,6356809.21,196.83,443.0,11.109998779296888
383585.75,6356657.81,167.21,444.0,5.4999932861328205
383691.28,6356735.08,183.38,445.0,16.450007324218745
383834.07999999996,6356628.58,179.09,446.0,14.229999389648441
383679.15,6356876.41,183.3,447.0,23.969998168945324
383983.12,6356819.31,192.6,448.0,9.849999999999994
383523.16000000003,6356880.26,172.08,449.0,4.869993286132825
383973.23,6356525.19,186.95000000000002,450.0,10.649996948242205
383540.70999999996,6356843.19,169.96,451.0,5.7300042724609455
383790.86,6356863.29,187.78,452.0,18.119996337890626
383569.82,6356988.96,185.93,453.0,19.579993896484382
383807.08999999997,6356999.1,182.54,454.0,13.56000427246093
383704.15,6356726.92,187.26,455.0,20.33000732421874
383989.78,6356889.41,192.51,456.0,12.890004882812491
383567.65,6356979.86,188.12,457.0,21.640004272460942
383944.66000000003,6356558.94,189.91,458.0,11.719997558593747
383973.17,6356719.88,196.13,459.0,13.299998168945308
383577.85,6356846.87,167.3,460.0,4.639996337890636
383509.6,6356585.28,155.52,461.0,7.249995727539073
383889.27,6356536.8,178.66,462.0,13.370006713867184
383732.75,6356817.0,187.0,463.0,19.149993896484375
383541.94999999995,6356960.34,188.54,464.0,22.17999938964843
383575.9,6356915.75,170.44,465.0,4.059995117187498
383905.94,6356828.56,183.86,466.0,17.430007324218764
383698.57999999996,6356781.96,185.13,467.0,18.579996948242183
383732.82,6356656.14,177.42000000000002,468.0,4.880006713867203
383761.79000000004,6356535.39,174.54,469.0,3.860007324218742
383574.61,6356666.53,165.31,470.0,4.619997558593752
383877.61,6356942.36,189.8,471.0,24.32000427246095
383661.78,6356735.76,174.17000000000002,472.0,4.490007324218766
383951.82,6356582.42,190.55,473.0,11.579998779296886
383771.24,6356859.05,186.71,474.0,17.150002441406258
383949.75,6356597.72,187.62,475.0,9.489995117187505
383928.01,6356734.45,185.38,476.0,13.269999389648433
383783.64,6356810.56,184.56,477.0,14.239992675781252
383787.92,6356626.83,177.31,478.0,5.050005493164065
383588.05,6356761.78,177.86,479.0,18.850005493164076
383958.69,6356657.32,190.81,480.0,9.739992675781252
383947.15,6356611.5,201.23000000000002,481.0,25.080006103515643
383939.58999999997,6356905.36,190.41,482.0,19.159999999999997
383776.53,6356787.46,181.45000000000002,483.0,13.280001831054705
383958.93,6356683.81,193.91,484.0,12.510006103515622
383660.89,6356791.59,183.05,485.0,16.290005493164074
383559.63,6356970.24,183.31,486.0,16.420000610351565
383942.97,6356994.95,194.69,487.0,23.900006713867185
383588.75,6356746.58,178.52,488.0,19.439998168945323
383736.01,6356772.99,183.49,489.0,14.430002441406259
383553.01,6356984.63,187.92000000000002,490.0,21.360002441406266
383690.57999999996,6356660.9,173.99,491.0,5.990000000000009
383786.36,6356707.01,177.39000000000001,492.0,13.710007324218765
383945.95999999996,6356860.46,192.38,493.0,21.71999633789062
383739.76,6356539.69,172.67000000000002,494.0,3.8800067138672034
383960.20999999996,6356581.01,197.8,495.0,18.719998168945324
383750.05,6356705.74,190.05,496.0,16.57000427246095
383505.92,6356660.1,175.89000000000001,497.0,18.690003051757827
383505.89,6356742.55,182.85,498.0,21.139993286132807
383933.22,6356819.23,192.54,499.0,21.31000427246093
383546.91000000003,6356504.54,153.58,500.0,9.395002441406263
383866.19999999995,6356514.17,179.77,501.0,14.820003051757823
383908.48,6356939.52,190.87,502.0,23.59000122070313
383882.49,6356934.54,188.66,503.0,23.77000061035156
383630.36,6356808.7,180.12,504.0,20.610005493164067
383984.76,6356699.28,197.98000000000002,505.0,13.78000305175783
383800.24,6356693.08,186.21,506.0,22.290001831054695
383657.4,6356806.89,176.38,507.0,16.490000610351558
383706.25,6356651.0,173.07,508.0,5.129997558593743
383861.33999999997,6356584.14,173.3,509.0,10.089993286132824
383969.02,6356740.91,196.18,510.0,13.810004882812507
383699.48,6356774.07,185.32,511.0,18.659996337890618
383896.56,6356800.7,188.85,512.0,17.109994506835932
383907.73,6356689.5,173.39000000000001,513.0,9.910004272460952
383935.67,6356608.49,185.75,514.0,14.449996948242188
383999.47,6356664.88,197.77,515.0,12.409999389648448
383684.3,6356559.08,165.14000000000001,516.0,4.710007324218765
383723.48,6356709.27,183.82,517.0,16.870003051757806
383968.04000000004,6356705.66,194.97,518.0,12.419996948242186
383588.07,6356821.51,189.92000000000002,519.0,30.289995117187516
383630.29000000004,6356787.25,180.57,520.0,21.299995727539056
383787.75,6356630.79,175.4,521.0,3.849996948242193
383942.91000000003,6356977.77,194.03,522.0,21.16999938964844
383920.0,6356517.71,182.01,523.0,13.539998779296866
383942.69,6356664.24,188.3,524.0,12.059994506835949
383796.22,6356707.02,183.6,525.0,19.969995117187494
383788.75,6356725.06,182.61,526.0,18.729995117187514
383704.41000000003,6356888.57,181.22,527.0,21.96000549316406
383661.95999999996,6356953.76,178.45000000000002,528.0,21.550006103515642
383741.76,6356760.06,186.79,529.0,16.289999999999992
383660.36,6356571.85,167.15,530.0,6.560003662109381
383618.13,6356966.56,167.4,531.0,4.989996337890631
383719.37,6356763.2,183.48,532.0,16.819996337890615
383907.87,6356631.8,173.69,533.0,10.10999816894531
383934.15,6356583.0,180.13,534.0,8.919993286132808
383973.04000000004,6356705.67,196.93,535.0,13.739997558593757
383985.24,6356606.04,193.54,536.0,12.480002441406242
383706.76,6356826.78,182.5,537.0,16.1300048828125
383785.79000000004,6356543.53,176.26,538.0,4.280004272460928
383586.79000000004,6356739.78,180.69,539.0,21.55000061035156
383571.82999999996,6356746.07,180.66,540.0,21.290004882812497
383828.49,6356687.31,180.55,541.0,17.74000244140626
383820.20999999996,6356523.84,178.72,542.0,6.259993286132811
383925.56,6356843.72,191.38,543.0,22.710001831054683
383764.95999999996,6356752.76,184.27,544.0,14.790004272460948
383737.68,6356752.16,183.44,545.0,13.889996948242185
383832.12,6356924.74,189.37,546.0,25.039998168945317
383987.73,6356545.38,191.59,547.0,14.200000610351566
383845.54000000004,6356749.9,179.79,548.0,17.150000610351555
383941.04000000004,6356685.96,188.55,549.0,10.650006103515636
383584.11,6356706.51,179.16,550.0,19.74999633789062
383631.83999999997,6356733.75,173.1,551.0,5.980004882812494
383899.3,6356870.17,183.41,552.0,19.419994506835934
383600.17,6356697.77,175.77,553.0,16.77000000000001
383993.86,6356956.22,194.85,554.0,22.26000366210937
383743.66000000003,6356722.7,187.73,555.0,16.250004272460927
383808.67,6356800.81,182.65,556.0,16.12000122070313
383992.82,6356752.52,197.55,557.0,12.120007324218761
383989.25,6356677.97,201.79,558.0,17.00000671386718
383711.44999999995,6356537.12,169.05,559.0,4.870007324218761
383515.69,6356814.34,169.26,560.0,5.399999389648428
383730.32,6356861.2,187.07,561.0,27.28000671386718
383803.28,6356660.02,172.79,562.0,6.860007324218742
383934.57,6356878.0,191.18,563.0,21.73000305175782
383908.82999999996,6356595.81,170.52,564.0,6.63999511718751
383811.83999999997,6356987.4,176.63,565.0,6.7300061035156205
383618.89,6356988.16,167.81,566.0,3.8900018310546898
383945.39,6356531.92,187.02,567.0,10.52000000000001
383958.22,6356560.49,196.77,568.0,18.249995727539073
383828.61,6356843.84,181.06,569.0,15.690004882812502
383559.97,6356783.62,166.49,570.0,5.629999389648447
383995.89,6356713.98,197.83,571.0,12.609998779296888
383974.29000000004,6356799.81,191.1,572.0,9.349999999999994
383849.99,6356601.41,169.54,573.0,6.2800054931640545
383968.29000000004,6356915.38,195.52,574.0,22.850001831054698
383783.69999999995,6356996.62,175.54,575.0,5.610007324218742
383859.94999999995,6356503.3,178.31,576.0,16.00999694824219
383962.31,6356904.52,197.49,577.0,24.99000000000001
383710.48,6356743.71,188.19,578.0,21.16999572753906
383564.98,6356837.09,167.93,579.0,5.189994506835944
383786.49,6356693.04,188.35,580.0,24.310006713867182
383504.3,6356632.66,178.3,581.0,26.2600067138672
383831.44999999995,6356646.61,181.20000000000002,582.0,16.890002441406267
383754.1,6356745.68,184.76,583.0,13.459996948242178
383692.77,6356801.01,181.86,584.0,15.419997558593764
383899.32,6356998.1,176.67000000000002,585.0,4.009996337890641
383708.33999999997,6356582.7,169.94,586.0,5.779996337890623
383996.64,6356584.6,197.39000000000001,587.0,17.80000366210939
383968.94,6356728.69,191.66,588.0,9.919994506835934
383941.05,6356878.01,191.95000000000002,589.0,22.17999572753908
383720.43,6356699.37,188.42000000000002,590.0,21.45999328613283
383827.3,6356639.04,178.19,591.0,10.260007324218748
383986.3,6356617.29,193.02,592.0,11.480006713867198
383632.89,6356728.29,172.22,593.0,5.380003662109374
383748.78,6356841.71,185.25,594.0,18.979995727539062
383520.66000000003,6356979.04,180.38,595.0,14.829996948242183
383551.75,6356682.16,170.02,596.0,10.469996948242198
383729.42,6356700.98,185.91,597.0,18.839992675781247
383614.0,6356501.08,154.16,598.0,5.249996337890622
383561.85,6356637.66,184.86,599.0,20.49999938964845
383549.49,6356787.13,169.13,600.0,7.1000012207031205
383507.23,6356511.8,158.83,601.0,15.460004882812513
383764.48,6356783.63,182.11,602.0,13.380004272460951
383736.39,6356550.87,174.76,603.0,5.429998168945303
383951.15,6356873.21,190.4,604.0,19.48999633789063
383977.22,6356938.04,194.8,605.0,22.60999755859376
383931.8,6356895.22,191.21,606.0,21.049996337890633
383510.73,6356992.34,183.3,607.0,17.710003662109386
383648.98,6356736.91,175.5,608.0,5.82000732421875
383710.07999999996,6356817.69,182.82,609.0,16.060005493164056
383618.16000000003,6356796.16,177.32,610.0,18.680000610351556
383906.70999999996,6356957.0,192.4,611.0,24.780004882812506
383946.8,6356921.11,194.59,612.0,22.890003051757816
383709.57999999996,6356921.92,182.91,613.0,23.109996948242184
383637.75,6356659.61,168.79,614.0,7.1799993896484295
383937.92,6356973.75,195.86,615.0,23.360000000000014
383994.52,6356836.97,193.67000000000002,616.0,9.780000610351578
383546.26,6356989.55,185.63,617.0,19.10000122070312
383912.66000000003,6356547.72,178.08,618.0,13.400007324218763
383753.12,6356769.85,183.1,619.0,13.24999389648437
383989.82,6356966.0,196.67000000000002,620.0,25.729997558593766
383924.87,6356797.85,189.78,621.0,17.24000671386719
383519.69,6356605.92,159.21,622.0,6.210000000000008
383852.41000000003,6356613.08,168.07,623.0,5.379997558593743
383980.55,6356913.31,190.43,624.0,16.15999572753907
383762.18,6356576.44,175.38,625.0,3.5100048828124955
383743.54000000004,6356789.43,182.39000000000001,626.0,12.779999389648452
383599.24,6356882.5,165.4,627.0,4.439993286132818
383707.58999999997,6356903.04,185.16,628.0,25.290004882812497
383949.78,6356994.98,173.62,629.0,2.4899951171875045
383573.32999999996,6356711.44,178.09,630.0,19.080005493164066
383996.02,6356630.84,195.32,631.0,11.180000610351556
383768.11,6356829.68,187.19,632.0,18.43000549316406
383996.69,6356561.07,192.52,633.0,14.69999267578126
383621.52,6356562.87,167.26,634.0,3.7099969482421784
383905.72,6356747.06,182.12,635.0,11.670003051757817
383995.54000000004,6356829.04,199.71,636.0,14.340004882812508
383735.41000000003,6356771.0,180.57,637.0,12.049995727539056
383891.39,6356902.61,184.94,638.0,20.710004272460935
383593.13,6356638.18,168.33,639.0,6.0299969482422
383701.69,6356736.61,186.88,640.0,19.939997558593745
383716.28,6356794.42,182.56,641.0,15.739992675781252
383939.89,6356914.64,192.18,642.0,20.73000305175782
383626.98,6356870.72,174.95000000000002,643.0,17.069995117187517
383616.78,6356998.32,168.71,644.0,3.840004882812508
383976.78,6356958.14,193.3,645.0,22.469998168945324
383942.82,6356964.98,192.24,646.0,19.950006713867197
383649.0,6356828.21,184.47,647.0,24.3500048828125
383816.88,6356875.94,190.08,648.0,20.130003051757825
383821.51,6356963.04,175.82,649.0,4.030006713867181
383770.0,6356782.08,181.1,650.0,12.469995117187494
383584.65,6356806.05,190.04,651.0,30.67999938964843
383982.4,6356569.22,194.32,652.0,16.010002441406243
383789.89,6356827.71,183.77,653.0,13.299998779296885
383666.08999999997,6356868.91,183.02,654.0,24.350001831054698
383636.15,6356963.19,164.84,655.0,4.140003051757816
383909.23,6356785.66,192.6,656.0,18.68999633789062
383767.26,6356724.39,188.03,657.0,18.3999951171875
383986.32,6356764.72,195.23000000000002,658.0,10.000004272460956
383895.07999999996,6356865.24,183.32,659.0,19.629997558593743
383557.8,6356514.72,158.47,660.0,11.680006713867186
383986.92,6356827.19,191.57,661.0,8.390007324218743
383646.45999999996,6356560.61,166.14000000000001,662.0,5.440003051757827
383599.22,6356655.56,164.57,663.0,5.209999389648431
383970.68,6356626.98,191.91,664.0,11.389995727539059
383778.36,6356776.1,182.01,665.0,14.230001220703116
383732.19999999995,6356685.44,188.26,666.0,18.28000427246093
383801.77,6356983.07,170.83,667.0,2.9199963378906375
383776.33999999997,6356744.15,187.0,668.0,18.8699951171875
383826.29000000004,6356817.14,183.74,669.0,18.590006103515634
383998.22,6356928.5,195.31,670.0,17.849993286132815
383552.39,6356929.75,173.19,671.0,5.290006103515623
383616.07999999996,6356978.05,167.15,672.0,4.150000000000006
383910.32,6356847.62,186.25,673.0,21.42999267578125
383999.29000000004,6356693.9,202.87,674.0,17.45999633789063
383903.32,6356550.54,174.97,675.0,10.990004272460936
383658.35,6356886.38,167.62,676.0,10.819996948242192
383877.61,6356861.9,180.54,677.0,17.150000610351555
383770.32999999996,6356726.67,186.68,678.0,17.46999328613282
383741.28,6356632.58,179.39000000000001,679.0,4.97999633789064
383777.41000000003,6356746.87,181.63,680.0,13.689997558593745
383620.61,6356766.86,183.77,681.0,20.230006713867198
383719.70999999996,6356506.94,166.38,682.0,4.990000610351558
383920.85,6356701.48,179.59,683.0,10.610004272460941
383865.82,6356762.54,177.45000000000002,684.0,12.849993896484392
383994.67,6356967.97,193.08,685.0,21.494993286132825
383950.18,6356973.78,192.88,686.0,20.990000610351558
383704.65,6356536.64,166.77,687.0,4.010005493164073
383650.27,6356669.4,170.55,688.0,6.020001220703136
383745.57,6356589.47,179.66,689.0,4.949993286132809
383996.39,6356792.07,195.55,690.0,9.370007324218761
383964.69999999995,6356766.17,191.45000000000002,691.0,10.86999816894533
383859.52,6356745.1,172.55,692.0,9.320004272460949
383904.86,6356500.42,180.27,693.0,11.510005493164073
383984.47,6356692.52,197.54,694.0,12.969992675781242
383963.91000000003,6356791.11,191.8,695.0,12.339993286132824
383585.07999999996,6356553.14,160.88,696.0,5.150004272460933
383648.88,6356599.8,166.68,697.0,5.230003051757819
383899.8,6356850.25,184.69,698.0,20.939999999999998
383517.13,6356583.95,157.25,699.0,4.7899932861328125
383620.83999999997,6356513.87,155.84,700.0,4.289996948242191
383915.83999999997,6356533.95,177.88,701.0,12.40999877929687
383622.48,6356974.38,167.12,702.0,4.450001831054692
383759.15,6356698.77,188.70000000000002,703.0,16.289996337890642
383971.82,6356578.43,199.38,704.0,20.46999633789062
383911.55,6356740.57,180.59,705.0,12.060001220703128
383998.47,6356535.9,188.24,706.0,11.579996337890634
383935.75,6356797.88,187.05,707.0,15.540005493164074
383997.77,6356844.21,196.3,708.0,12.180004882812511
383822.6,6356902.34,183.75,709.0,16.6199951171875
383970.45999999996,6356891.82,186.32,710.0,11.870003051757806
383843.61,6356730.41,176.35,711.0,13.609994506835932
383946.38,6356959.09,194.36,712.0,22.360000000000014
383993.85,6356619.48,195.45000000000002,713.0,12.410006713867205
383557.03,6356942.9,172.43,714.0,4.829993896484382
383780.02,6356915.76,186.64000000000001,715.0,21.339996948242202
383872.57,6356755.69,189.59,716.0,20.00000366210938
383973.91000000003,6356561.04,194.09,717.0,16.259998168945316
383937.48,6356550.96,182.37,718.0,7.5300036621093795
383828.3,6356828.83,181.78,719.0,16.58999755859375
383933.62,6356502.4,184.16,720.0,11.930004272460934
383518.55,6356660.13,169.77,721.0,10.350001831054698
383983.88,6356652.91,195.04,722.0,11.459998168945305
383997.22,6356999.4,173.24,723.0,4.355005493164072
383826.91000000003,6356846.45,189.29,724.0,22.42999938964843
383996.81,6356600.2,195.76,725.0,14.049993286132803
383662.67,6356826.27,182.57,726.0,22.359993286132806
383881.67,6356975.0,175.64000000000001,727.0,4.819992675781265
383620.72,6356744.7,183.70000000000002,728.0,17.959994506835955
383863.08999999997,6356559.32,179.54,729.0,16.349997558593742
383597.67,6356692.6,179.26,730.0,20.26999450683593
383708.8,6356850.29,182.33,731.0,18.2799969482422
383986.99,6356592.3,195.11,732.0,15.089995727539076
383926.95999999996,6356588.5,180.52,733.0,12.84000732421876
383968.51,6356944.46,191.64000000000001,734.0,20.36000122070314
383854.25,6356871.04,181.33,735.0,17.680006103515638
383851.86,6356590.33,172.87,736.0,10.549992675781255
383701.58999999997,6356894.92,181.46,737.0,22.400002441406258
383690.97,6356512.08,160.97,738.0,6.290007324218749
383828.67,6356855.38,186.47,739.0,18.69999572753906
383924.18,6356645.47,177.75,740.0,10.94000244140625
383689.73,6356587.59,171.15,741.0,9.25000610351563
383949.3,6356787.57,185.27,742.0,11.219996948242198
383751.68,6356842.04,185.98,743.0,19.239994506835927
383667.94,6356843.96,181.96,744.0,21.70000549316407
383975.74,6356570.3,195.21,745.0,16.719994506835945
383921.37,6356943.45,189.72,746.0,20.02000305175781
383903.93,6356810.37,187.75,747.0,15.949996948242188
383960.38,6356631.17,194.24,748.0,15.060007324218759
383721.19,6356876.89,184.68,749.0,25.400001220703132
383546.95999999996,6356536.29,155.25,750.0,4.32000732421875
383683.73,6356747.49,181.94,751.0,15.16999572753906
383949.62,6356549.65,193.31,752.0,15.349993286132815
383930.77,6356901.52,187.83,753.0,17.080000000000013
383545.0,6356989.55,188.01,754.0,21.500005493164053
383794.58999999997,6356743.01,179.57,755.0,14.950004882812493
383926.72,6356655.03,177.05,756.0,8.850003051757824
383909.06,6356924.19,188.23,757.0,21.590000610351552
383989.67,6356747.17,197.36,758.0,11.949996337890639
383892.51,6356942.02,191.67000000000002,759.0,25.75999633789064
383537.93,6356906.35,172.59,760.0,4.989993896484378
383585.36,6356688.08,177.63,761.0,18.829996948242183
383957.29000000004,6356756.37,188.25,762.0,9.889999389648438
383543.97,6356582.47,163.22,763.0,5.540007324218749
383906.5,6356577.07,173.94,764.0,9.520001831054685
383922.88,6356910.4,189.59,765.0,20.42000183105469
383945.69999999995,6356778.01,185.01,766.0,11.549993286132803
383578.63,6356949.33,171.47,767.0,4.790007324218749
383904.61,6356945.63,188.15,768.0,21.079992675781256
383970.44,6356586.11,197.92000000000002,769.0,18.66000549316408
383535.16000000003,6356511.36,158.9,770.0,14.629995727539068
383609.3,6356785.68,177.75,771.0,18.330001831054688
383667.37,6356932.34,180.31,772.0,23.179995117187502
383801.70999999996,6356849.66,186.02,773.0,15.859996337890635
383792.32,6356830.37,187.82,774.0,17.260002441406243
383868.86,6356748.61,177.37,775.0,10.89999877929688
383664.69999999995,6356857.69,183.01,776.0,23.299993286132803
383787.07,6356785.93,182.03,778.0,13.179993896484376
383650.58999999997,6356633.2,168.04,779.0,6.319998779296867
383762.88,6356807.28,183.23,780.0,13.769993286132802
383678.62,6356626.31,167.46,781.0,4.9699945068359455
383973.74,6356789.73,192.15,782.0,9.959997558593756
383664.4,6356522.52,157.74,783.0,5.659998168945322
383748.08999999997,6356826.09,184.02,784.0,16.260005493164073
383991.31,6356805.75,191.28,785.0,6.160004882812501
383913.83999999997,6356827.09,184.72,786.0,16.729994506835936
383784.05,6356872.83,189.59,787.0,20.25000366210938
383505.74,6356531.37,158.26,788.0,15.099996337890616
383864.03,6356722.7,179.57,789.0,16.140007324218743
383909.77,6356846.58,184.41,790.0,19.589992675781247
383949.69999999995,6356688.66,192.02,791.0,11.850001831054698
383800.81,6356617.91,178.37,792.0,4.950001831054692
383788.22,6356855.92,188.08,793.0,18.21999938964845
383973.58999999997,6356693.85,194.09,794.0,10.979999389648441
383855.18,6356925.97,176.92000000000002,795.0,12.809999389648453
383917.19,6356789.99,187.9,796.0,14.700003051757818
383580.64,6356894.06,168.71,797.0,5.1299981689453205
383691.01,6356944.85,165.95000000000002,798.0,9.280001831054705
383740.22,6356826.38,184.18,799.0,16.549995117187507
383720.55,6356940.14,185.53,800.0,23.16999938964844
383581.97,6356575.27,163.17000000000002,801.0,5.050004882812516
383669.03,6356668.34,173.19,802.0,3.6999945068359352
383704.64,6356929.24,182.69,803.0,24.079999389648435
383624.68,6356773.53,182.22,804.0,20.44999572753906
383731.47,6356899.25,186.59,805.0,26.019992675781253
383637.57,6356736.91,173.38,806.0,4.620005493164058
383655.23,6356915.47,172.99,807.0,16.10000061035157
383795.32,6356986.25,171.17000000000002,808.0,3.3099993896484534
383727.32999999996,6356804.19,186.18,809.0,17.92000549316407
383917.82,6356586.58,174.57,810.0,9.629997558593743
383801.28,6356846.42,185.36,811.0,15.080001220703139
383720.25,6356657.92,175.48,812.0,7.28999755859374
383975.73,6356756.82,193.65,813.0,9.730001831054693
383892.61,6356987.11,175.45000000000002,814.0,3.289996337890642
383741.98,6356868.74,186.6,815.0,26.920007324218744
383814.65,6356732.85,182.68,816.0,19.989997558593757
383812.76,6356768.38,177.43,817.0,14.239997558593757
383836.53,6356996.11,201.02,818.0,24.180003662109385
383987.94,6356864.41,191.57,819.0,9.849998779296868
383950.07,6356718.99,186.98,820.0,9.42000244140624
383618.17,6356819.8,180.92000000000002,821.0,22.58999816894533
383545.92,6356961.06,185.23,822.0,18.61000488281249
383859.73,6356845.59,180.91,823.0,17.88000122070312
383868.38,6356724.63,177.52,824.0,12.730006713867198
383920.91000000003,6356562.35,179.32,825.0,12.34000427246093
383987.51,6356822.87,192.64000000000001,826.0,9.03999389648439
383519.13,6356559.76,154.8,827.0,5.579998779296886
383937.77,6356933.98,191.88,828.0,21.079996948242183
383959.57999999996,6356970.94,193.61,829.0,23.3200067138672
383933.44999999995,6356768.18,183.27,830.0,12.040004272460948
383503.45999999996,6356600.57,174.39000000000001,831.0,25.509995117187515
383537.8,6356987.64,187.24,832.0,20.93000244140626
383985.02,6356584.59,195.70000000000002,833.0,16.410006713867205
383873.8,6356707.56,173.24,834.0,10.049997558593759
383780.63,6356757.39,182.42000000000002,835.0,14.330003662109391
383865.07,6356542.75,177.72,836.0,14.520003051757811
383564.94,6356992.43,182.94,837.0,16.589993896484373
383545.44999999995,6356977.17,188.4,838.0,22.039999389648443
383832.06,6356985.03,199.3,839.0,23.960003662109386
383999.82,6356567.27,192.38,840.0,14.200007324218745
383808.94,6356859.84,186.78,841.0,17.369996337890626
383734.32,6356919.84,186.0,842.0,23.020004272460938
383567.07999999996,6356507.58,152.78,843.0,8.020005493164064
383734.98,6356725.41,185.53,844.0,15.419999389648439
383611.92,6356974.87,167.23,845.0,3.8900036621093648
383532.97,6356940.56,183.8,846.0,17.1300018310547
383660.73,6356674.19,173.66,847.0,6.219997558593747
383516.51,6356586.01,156.81,848.0,4.170000610351565
383625.86,6356823.36,177.86,849.0,19.0700067138672
383657.1,6356997.91,167.69,850.0,4.72999328613281
383535.64,6356788.52,169.72,851.0,5.040007324218749
383541.99,6356827.39,170.03,852.0,6.100007324218751
383618.55,6356808.13,183.06,853.0,24.479998168945315
383800.02,6356795.73,183.86,854.0,16.0599969482422
383846.64,6356714.78,177.21,855.0,14.409996948242195
383706.38,6356833.75,181.81,856.0,15.839998779296877
383831.02,6356503.24,174.34,857.0,5.340000000000003
383578.48,6356740.34,175.61,858.0,16.63999877929689
383577.41000000003,6356762.08,178.48,859.0,19.28999755859374
383896.56,6356537.81,172.87,860.0,8.289998168945317
383714.44999999995,6356595.5,178.42000000000002,861.0,8.839998168945328
383743.77,6356734.74,183.66,862.0,12.219997558593747
383657.38,6356872.54,177.61,863.0,19.970000610351576
383775.75,6356755.74,181.97,864.0,13.940001220703124
383600.32,6356814.47,181.64000000000001,865.0,22.97999633789064
383992.64,6356625.55,196.13,866.0,12.799998168945308
383617.77,6356763.2,177.61,867.0,16.88000427246095
383719.93,6356811.97,185.45000000000002,868.0,18.550006103515642
383940.36,6356837.93,196.97,869.0,25.930006713867186
383664.68,6356887.28,183.79,870.0,25.969992675781242
383973.16000000003,6356838.0,194.32,871.0,14.370003051757806
383954.69,6356918.37,195.01,872.0,22.95999694824218
383999.86,6356754.45,196.99,873.0,11.469995727539072
383839.23,6356846.16,178.87,874.0,15.129994506835942
383784.69999999995,6356829.97,184.38,875.0,13.900004272460933
383909.0,6356724.72,183.76,876.0,16.97000671386718
383919.4,6356582.52,178.31,877.0,12.729998168945315
383671.02,6356877.62,181.79,878.0,22.730002441406242
383770.89,6356613.23,176.64000000000001,879.0,4.029999389648452
383546.91000000003,6356545.87,159.36,880.0,5.449996337890639
383837.77,6356867.01,181.70000000000002,881.0,17.44000549316408
383907.83999999997,6356761.9,182.73,882.0,10.239994506835927
383606.88,6356709.48,165.21,883.0,6.210000000000008
383893.19999999995,6356756.71,180.94,884.0,7.80000061035156
383958.11,6356912.4,194.65,885.0,22.439993286132818
383746.67,6356582.73,178.59,886.0,4.739993896484378
383786.08999999997,6356884.56,186.76,887.0,18.159993896484366
383999.91000000003,6356887.07,196.67000000000002,888.0,14.399995727539078
383881.56,6356810.97,181.59,889.0,18.330005493164066
383994.56,6356785.57,195.54,890.0,9.319998779296867
383621.44,6356941.05,166.09,891.0,4.640003051757816
383769.25,6356796.51,185.79,892.0,16.789999999999992
383693.76,6356587.61,167.42000000000002,893.0,5.490007324218766
383760.95999999996,6356843.35,186.22,894.0,17.800001831054686
383557.39,6356794.9,167.76,895.0,6.239995727539053
383657.28,6356597.85,166.72,896.0,5.169996948242186
383520.23,6356736.7,183.87,897.0,19.810002441406255
383820.19,6356803.05,182.15,898.0,18.480001831054693
383950.13,6356742.26,186.42000000000002,899.0,10.000001831054703
383731.82999999996,6356833.8,182.82,900.0,18.26999694824218
383588.69,6356716.41,181.16,901.0,22.100002441406247
383985.6,6356563.31,196.41,902.0,18.859996948242184
383803.89,6356791.43,183.98,903.0,16.80000732421874
383589.52,6356944.92,170.28,904.0,3.7400067138671886
383727.31,6356614.66,181.19,905.0,6.079999389648435
383791.69,6356636.67,176.48,906.0,5.269993286132802
383706.48,6356708.75,187.51,907.0,20.53000427246093
383819.36,6356789.16,180.32,908.0,17.099998779296868
383708.69999999995,6356857.76,183.3,909.0,19.829998779296886
383913.68,6356660.79,174.47,910.0,10.430006713867186
383862.0,6356987.06,178.21,911.0,3.8200006103515705
383786.16000000003,6356663.87,171.01,912.0,6.360006103515616
383706.57,6356624.41,170.88,913.0,4.590006713867183
383943.64,6356972.87,189.59,914.0,16.94000610351563
383512.23,6356644.46,178.34,915.0,23.069995727539066
383941.85,6356830.06,193.58,916.0,21.930006103515638
383678.74,6356925.53,179.87,917.0,22.980000610351567
383524.69,6356773.39,172.0,918.0,6.67999267578125
383951.44999999995,6356883.29,196.05,919.0,25.0100067138672
383826.89,6356664.63,186.35,920.0,23.07000122070312
383935.99,6356674.31,186.9,921.0,11.670004272460943
383972.32,6356588.88,198.95000000000002,922.0,19.550006103515642
383916.47,6356755.8,181.29,923.0,10.079993286132805
383894.93,6356682.71,171.24,924.0,8.299997558593759
383999.97,6356822.88,198.26,925.0,12.399999389648428
383804.48,6356669.79,170.1,926.0,5.249993896484369
383703.64,6356770.92,185.62,927.0,18.940007324218755
383815.24,6356681.45,185.12,928.0,21.59000122070313
383658.75,6356591.95,169.01,929.0,7.289998779296866
383747.25,6356907.25,166.45000000000002,930.0,5.2500030517578296
383853.88,6356859.91,181.8,931.0,18.449993896484386
383693.8,6356789.65,185.01,932.0,18.560003051757803
383602.39,6356764.17,181.11,933.0,21.61999450683595
383974.87,6356770.16,193.06,934.0,9.369997558593752
383518.20999999996,6356695.62,179.65,935.0,17.92999877929688
383947.74,6356616.28,185.17000000000002,936.0,9.309999389648453
383973.19,6356683.84,197.66,937.0,13.689998779296872
383528.29000000004,6356941.48,187.32,938.0,20.810005493164056
383547.51,6356920.02,173.21,939.0,5.400002441406258
383789.23,6356986.23,179.56,940.0,10.229998168945315
383614.92,6356621.63,167.3,941.0,4.639996337890636
383661.29000000004,6356933.93,179.01,942.0,21.72000671386718
383668.95999999996,6356702.75,187.68,943.0,20.930000000000007
383929.26,6356562.85,196.66,944.0,26.68999877929687
383977.69,6356731.0,194.74,945.0,11.279993286132822
383857.86,6356732.32,173.01,946.0,9.780004272460928
383996.78,6356936.24,195.83,947.0,21.21999938964845
383577.32999999996,6356991.64,175.57,948.0,9.499992675781243
383904.42,6356687.51,169.96,949.0,6.6899957275390705
383991.75,6356601.7,194.82,950.0,13.629997558593743
383582.07999999996,6356903.86,169.59,951.0,4.959995117187503
383975.94,6356941.57,195.14000000000001,952.0,23.369995727539077
383907.25,6356619.09,175.70000000000002,953.0,12.11999816894533
383908.52,6356949.21,192.55,954.0,24.80000000000001
383983.44999999995,6356539.48,188.62,955.0,11.330006713867192
383717.22,6356589.75,176.5,956.0,5.779998779296875
383751.23,6356586.58,178.99,957.0,5.079996337890634
383875.93,6356905.28,184.42000000000002,958.0,19.97000305175783
383704.5,6356766.26,185.06,959.0,18.27000671386719
383663.49,6356926.12,178.57,960.0,21.349998779296868
383947.29000000004,6356659.38,188.05,961.0,11.630001831054699
383994.24,6356671.1,199.32,962.0,14.374992675781243
383746.41000000003,6356611.93,181.72,963.0,6.020003051757811
383620.62,6356860.95,177.18,964.0,19.17000549316407
383609.63,6356675.99,164.97,965.0,6.029997558593749
383868.51,6356908.21,182.62,966.0,18.120000000000005
383528.77,6356663.23,167.52,967.0,9.980006713867198
383931.98,6356914.63,192.08,968.0,20.999998168945325
383543.29000000004,6356604.57,167.28,969.0,5.360001831054689
383591.38,6356888.32,167.44,970.0,4.99000305175781
383764.79000000004,6356764.4,184.17000000000002,971.0,14.970003051757828
383569.79000000004,6356756.23,181.12,972.0,21.170003051757817
383676.68,6356597.88,169.34,973.0,7.250003662109378
383727.02,6356543.13,172.14000000000001,974.0,5.339996948242202
383901.31,6356711.21,172.33,975.0,8.509992675781263
383975.05,6356697.36,194.24,976.0,10.730005493164072
383706.81,6356549.35,167.42000000000002,977.0,2.2800006103515784
383899.35,6356752.94,194.87,978.0,22.370000000000005
383519.08999999997,6356865.7,171.81,979.0,5.789995727539065
383955.75,6356875.11,193.53,980.0,22.11000183105469
383529.58999999997,6356766.65,170.61,981.0,5.399993286132826
383991.22,6356711.38,197.31,982.0,12.739992675781252
383932.49,6356865.68,188.63,983.0,19.939997558593745
383987.98,6356662.3,194.1,984.0,10.230004882812494
383587.70999999996,6356594.28,167.75,985.0,4.6999969482421875
383808.88,6356931.38,185.37,986.0,18.250004882812505
383908.9,6356623.49,174.54,987.0,11.04999450683593
383708.07,6356733.93,186.17000000000002,988.0,19.179994506835953
383813.53,6356594.61,176.45000000000002,989.0,2.879992675781267
383856.35,6356984.78,178.20000000000002,990.0,4.200000000000017
383557.08999999997,6356854.08,171.99,991.0,8.159998168945322
383576.20999999996,6356943.93,171.71,992.0,4.7000054931640705
383739.04000000004,6356765.86,186.61,993.0,16.669997558593764
383800.63,6356768.35,182.27,994.0,17.939998168945323
383793.33999999997,6356789.81,183.97,995.0,15.520003051757811
383734.06,6356639.3,184.57,996.0,9.790001220703118
383847.61,6356596.54,176.25,997.0,13.289993286132812
383956.33999999997,6356907.5,194.55,998.0,22.660000610351574
383737.36,6356740.97,183.06,999.0,13.25999694824219
383592.39,6356902.69,167.33,1000.0,4.630003051757825
383940.3,6356598.24,194.06,1001.0,17.869997558593752
383832.41000000003,6356693.16,180.34,1002.0,17.629993286132816
383690.52,6356626.61,170.24,1003.0,6.749994506835947
383984.23,6356637.73,193.79,1004.0,11.439993896484367
383946.06,6356838.7,193.63,1005.0,21.879999999999995
383871.36,6356943.63,191.28,1006.0,24.580003051757814
383625.93,6356698.81,170.95000000000002,1007.0,8.830004882812517
383837.83999999997,6356620.84,176.25,1008.0,12.479995727539062
383900.07,6356610.25,178.13,1009.0,14.48000610351562
383908.28,6356922.48,188.18,1010.0,21.530006103515632
383522.31,6356697.63,181.14000000000001,1011.0,18.929993286132827
383903.06,6356698.25,170.34,1012.0,6.789996948242191
383726.72,6356747.59,185.20000000000002,1013.0,18.379992675781267
383984.0,6356742.84,196.97,1014.0,12.330000610351561
383944.55,6356511.93,185.88,1015.0,10.48000610351562
383666.31,6356681.1,171.09,1016.0,2.3400000000000034
383909.37,6356801.73,192.65,1017.0,19.860006713867193
383946.18,6356678.33,189.18,1018.0,10.370002441406257
383667.6,6356528.77,159.24,1019.0,5.249994506835947
383949.22,6356698.28,191.62,1020.0,11.95999633789063
383699.12,6356806.16,184.15,1021.0,17.62000122070313
383583.91000000003,6356545.96,161.17000000000002,1022.0,6.309999389648453
383960.01,6356828.62,194.16,1023.0,18.63000122070312
383932.67,6356594.35,183.52,1024.0,11.430003662109385
383984.66000000003,6356662.29,196.43,1025.0,12.400001220703132
383952.26,6356781.27,188.13,1026.0,12.749995117187495
383546.48,6356831.37,169.11,1027.0,5.100005493164076
383794.81,6356797.67,183.94,1028.0,15.820004882812498
383844.36,6356905.23,186.28,1029.0,22.08999755859375
383965.68,6356566.27,196.84,1030.0,18.340000000000003
383770.70999999996,6356900.55,167.74,1031.0,3.6899969482421966
383726.47,6356831.52,182.68,1032.0,17.030006103515632
383935.69,6356655.41,197.11,1033.0,26.02000366210939
383717.15,6356754.15,184.74,1034.0,17.91999267578126
383783.53,6356639.39,177.53,1035.0,6.449998168945314
383745.39,6356545.59,174.70000000000002,1036.0,4.200000000000017
383759.16000000003,6356540.51,175.84,1037.0,4.860004272460941
383676.53,6356604.16,172.5,1038.0,10.850006103515625
383886.78,6356525.0,189.08,1039.0,21.150007324218763
383721.99,6356818.93,185.02,1040.0,18.510005493164073
383561.58999999997,6356834.38,169.81,1041.0,6.810000000000002
383931.56,6356944.4,192.52,1042.0,21.94999267578126
383559.17,6356669.18,165.05,1043.0,3.910000610351574
383849.47,6356889.22,187.22,1044.0,23.21000549316406
383730.78,6356906.32,186.21,1045.0,24.849999389648445
383653.22,6356790.65,184.93,1046.0,20.299995117187507
383709.13,6356625.16,170.54,1047.0,3.659995117187492
383708.66000000003,6356637.32,173.07,1048.0,5.569999999999993
383946.08999999997,6356735.04,187.83,1049.0,11.10000427246095
383873.32999999996,6356932.65,186.67000000000002,1050.0,22.02000610351564
383948.16000000003,6356879.6,192.28,1051.0,21.690003662109376
383990.44999999995,6356852.16,206.62,1052.0,24.129994506835942
383564.68,6356606.99,168.79,1053.0,4.6799993896484295
383629.94999999995,6356575.73,166.57,1054.0,3.499992675781243
383745.65,6356507.82,170.21,1055.0,4.9500054931640705
383728.78,6356871.51,186.91,1056.0,27.38000122070312
383798.64,6356644.32,175.03,1057.0,4.919999389648439
383881.6,6356826.4,184.47,1058.0,21.16000244140625
383918.62,6356544.74,176.26,1059.0,10.620000610351553
383904.81,6356933.67,191.92000000000002,1060.0,25.490007324218766
383680.78,6356832.23,182.96,1061.0,22.420006713867195
383950.25,6356938.65,194.65,1062.0,23.269995117187506
383829.55,6356867.27,187.63,1063.0,20.269999389648433
383784.57,6356803.48,185.0,1064.0,16.240005493164062
383745.47,6356752.18,183.21,1065.0,11.650002441406258
383892.99,6356500.4,180.31,1066.0,11.69999938964844
383932.48,6356824.65,192.87,1067.0,21.929997558593755
383510.85,6356781.71,169.4,1068.0,7.189993286132818
383643.62,6356669.7,169.12,1069.0,3.7800036621093795
383787.82999999996,6356943.15,169.96,1070.0,5.019997558593758
383860.32999999996,6356831.82,174.4,1071.0,11.67999877929688
383669.32,6356820.4,179.8,1072.0,19.850003051757824
383603.77,6356923.16,168.92000000000002,1073.0,6.240007324218766
383664.31,6356580.64,166.13,1074.0,4.740000610351558
383910.18,6356648.84,173.04,1075.0,9.510001220703117
383825.73,6356656.79,171.93,1076.0,5.769996337890632
383668.49,6356892.91,182.77,1077.0,25.049998779296885
383939.55,6356696.26,189.63,1078.0,12.680003051757808
383622.22,6356557.11,167.55,1079.0,4.070004272460949
383612.75,6356534.53,163.42000000000002,1080.0,4.399995727539078
383604.94999999995,6356999.48,182.81,1081.0,18.07499938964844
383810.51,6356725.54,180.84,1082.0,17.660007324218753
383981.68,6356612.26,194.61,1083.0,13.759993896484389
383976.19,6356749.16,193.79,1084.0,9.659995117187492
383910.87,6356802.61,189.93,1085.0,17.15999572753907
383981.02,6356565.37,196.57,1086.0,18.53000671386718
383731.44999999995,6356711.31,185.88,1087.0,18.579996948242183
383869.79000000004,6356742.39,187.3,1088.0,19.139996337890636
383532.8,6356830.41,171.17000000000002,1089.0,6.190004272460953
383746.83999999997,6356859.75,181.42000000000002,1090.0,20.039995117187516
383555.07,6356593.26,166.58,1091.0,6.070005493164075
383785.25,6356861.77,187.4,1092.0,17.67999877929688
383566.78,6356601.05,169.17000000000002,1093.0,4.729997558593766
383609.8,6356780.9,179.27,1094.0,20.439998168945323
383883.86,6356804.55,186.49,1095.0,17.77999328613282
383823.35,6356503.47,175.86,1096.0,5.339995727539076
383972.62,6356873.75,189.06,1097.0,13.31999450683594
383822.18,6356829.8,188.18,1098.0,22.560004882812507
383535.12,6356988.49,186.67000000000002,1099.0,20.429994506835953
383997.56,6356897.3,193.41,1100.0,13.240001831054684
383877.44999999995,6356801.27,188.08,1101.0,24.440000610351575
383823.99,6356863.7,184.35,1102.0,15.870004272460932
383739.58999999997,6356885.5,176.46,1103.0,16.849999389648445
383623.66000000003,6356577.47,167.86,1104.0,4.619994506835951
383826.4,6356879.02,187.28,1105.0,19.1499951171875
383586.01,6356589.1,166.5,1106.0,3.8899993896484375
383666.29000000004,6356544.18,161.99,1107.0,5.100000610351572
383711.03,6356869.43,185.09,1108.0,25.160007324218753
383818.68,6356868.0,185.55,1109.0,16.100003051757824
383742.83999999997,6356716.79,184.82,1110.0,13.219993896484368
383948.99,6356869.57,190.23,1111.0,19.34999511718749
383785.77,6356804.32,186.21,1112.0,17.12999816894532
383761.14,6356823.89,185.41,1113.0,16.93999877929687
383558.06,6356685.6,165.67000000000002,1114.0,6.190004272460953
383525.86,6356833.81,171.84,1115.0,6.069995727539066
383947.69999999995,6356635.33,184.88,1116.0,8.389994506835933
383825.78,6356986.3,196.09,1117.0,21.950000610351566
383830.35,6356795.78,179.74,1118.0,16.210001220703134
383652.20999999996,6356567.88,166.95000000000002,1119.0,5.950000000000017
383767.07,6356977.13,175.35,1120.0,3.340005493164057
383994.0,6356766.21,199.78,1121.0,14.395005493164064
383858.86,6356890.49,183.88,1122.0,19.749995117187495
383786.48,6356736.04,185.38,1123.0,18.999995117187495
383855.49,6356537.31,181.66,1124.0,18.38000122070312
383778.43,6356717.67,185.75,1125.0,19.82000732421875
383586.18,6356607.04,169.32,1126.0,5.010002441406243
383842.77,6356938.49,190.37,1127.0,23.429997558593755
383966.39,6356858.12,196.94,1128.0,22.150006713867185
383848.42,6356851.38,184.94,1129.0,21.18000549316406
383864.1,6356519.22,180.48,1131.0,17.060001831054677
383983.17,6356558.9,195.01,1132.0,17.56999755859374
383849.48,6356937.74,193.02,1133.0,26.40000488281251
383996.35,6356867.65,195.86,1134.0,13.089995727539076
383583.9,6356706.2,179.21,1135.0,19.799996337890633
383993.22,6356610.08,196.5,1136.0,14.419998168945312
383743.97,6356513.57,169.9,1137.0,3.890005493164068
383955.70999999996,6356867.57,193.82,1138.0,21.640007324218743
383717.72,6356850.29,183.85,1139.0,19.549996948242182
383946.32999999996,6356627.52,185.42000000000002,1140.0,10.309999389648453
383538.82,6356747.51,167.26,1141.0,4.569997558593741
383942.36,6356666.73,189.54,1142.0,12.969992675781242
383748.69999999995,6356740.97,186.82,1143.0,15.239998168945306
383584.56,6356705.1,178.96,1144.0,19.95000549316407
383799.8,6356606.3,178.26,1145.0,4.659993896484366
383642.18,6356787.76,180.20000000000002,1146.0,17.259997558593767
383839.70999999996,6356986.35,179.59,1147.0,3.9700048828125034
383904.31,6356600.15,181.8,1148.0,17.9999969482422
383909.64,6356816.24,187.08,1149.0,16.190000610351575
383994.70999999996,6356947.83,194.34,1150.0,20.584995117187503
383760.66000000003,6356718.78,184.62,1151.0,14.20999633789063
383967.41000000003,6356521.42,187.46,1152.0,11.170006713867195
383803.66000000003,6356966.98,170.97,1153.0,3.9300067138671864
383862.49,6356944.3,190.59,1154.0,23.530002441406253
383823.57,6356885.33,185.82,1155.0,17.20999938964843
383938.72,6356539.41,196.13,1156.0,20.760004882812495
383858.20999999996,6356595.86,173.12,1157.0,10.26999389648438
383609.37,6356754.0,169.14000000000001,1158.0,10.270004882812515
383631.82999999996,6356514.49,155.58,1159.0,5.5400067138672
383922.95999999996,6356971.74,193.28,1160.0,23.60000732421875
383696.0,6356604.19,170.36,1161.0,7.919997558593764
383679.26,6356943.65,181.47,1162.0,24.63999816894531
383510.32999999996,6356925.1,188.34,1163.0,22.090000000000003
383635.57,6356768.89,175.3,1164.0,7.689999389648449
383996.88,6356541.59,188.65,1165.0,11.909994506835943
383799.82,6356837.76,186.65,1166.0,16.289999389648443
383810.69999999995,6356644.96,176.16,1167.0,4.409999999999997
383820.07,6356588.7,177.33,1168.0,4.10000427246095
383603.04000000004,6356736.84,179.77,1169.0,20.689998168945323
383827.69,6356902.46,184.16,1170.0,20.07999816894531
383999.86,6356685.76,203.95000000000002,1171.0,18.849993896484392
383808.32999999996,6356807.35,183.43,1172.0,16.810004882812507
383534.51,6356996.24,185.64000000000001,1173.0,18.960007324218765
383962.81,6356945.99,194.82,1174.0,23.51999694824218
383759.69,6356983.0,174.64000000000001,1175.0,3.699997558593765
383745.31,6356566.18,175.24,1176.0,3.9699957275390716
383717.65,6356892.98,185.16,1177.0,25.409999999999997
383673.88,6356697.85,190.53,1178.0,23.770005493164064
383883.9,6356509.87,177.01,1179.0,8.230001220703116
383709.87,6356899.24,181.76,1180.0,21.799993286132803
383861.97,6356861.3,182.09,1181.0,18.819995727539066
383919.3,6356883.33,185.23,1182.0,18.840000610351552
383927.83999999997,6356676.47,184.38,1183.0,12.109995727539058
383870.27,6356500.01,174.45000000000002,1184.0,7.3999969482422046
383643.32,6356696.92,172.66,1185.0,5.380001220703122
383608.75,6356995.9,183.32,1186.0,18.685005493164056
383657.79000000004,6356555.83,176.18,1187.0,17.060004882812507
383959.68,6356564.34,195.06,1188.0,16.530001220703127
383804.14,6356628.52,176.9,1189.0,4.700003051757818
383739.82,6356611.91,183.72,1190.0,8.130003662109374
383669.19,6356617.39,174.23,1191.0,12.560001831054677
383621.36,6356703.24,164.43,1192.0,4.329993896484382
383944.78,6356586.06,191.43,1193.0,13.760001831054694
383566.16000000003,6356664.25,167.59,1194.0,5.560001220703128
383995.72,6356559.0,193.83,1195.0,16.175001220703138
383646.42,6356723.37,172.38,1196.0,3.9500073242187455
383586.45999999996,6356509.81,154.03,1197.0,4.800004272460939
383660.32,6356837.3,180.70000000000002,1198.0,20.550006103515642
383541.05,6356800.79,168.18,1199.0,5.340003662109382
383519.61,6356831.31,171.36,1200.0,5.749999389648451
383977.04000000004,6356532.99,189.72,1201.0,12.779997558593749
383715.08999999997,6356879.58,184.36,1202.0,25.13000427246095
383745.25,6356877.73,183.93,1203.0,24.180000000000007
383847.27,6356744.04,180.53,1204.0,17.80000427246094
383679.19,6356863.95,185.63,1205.0,25.620005493164058
383884.38,6356891.7,184.5,1206.0,20.169998168945312
383737.53,6356601.13,181.48,1207.0,5.390003662109365
383741.19,6356501.88,169.54,1208.0,5.6200018310546795
383755.99,6356881.62,185.5,1209.0,23.550003051757812
383717.57,6356694.07,183.16,1210.0,16.240001831054684
383692.61,6356761.94,179.34,1211.0,12.530002441406253
383635.56,6356882.1,179.46,1212.0,21.639992675781258
383973.79000000004,6356863.73,189.37,1213.0,12.500004882812505
383701.08999999997,6356741.97,187.29,1214.0,20.360007324218742
383939.67,6356701.18,187.12,1215.0,9.830006713867192
383692.32,6356707.63,187.48,1216.0,20.53999755859374
383816.79000000004,6356543.57,180.06,1217.0,6.229998168945315
383918.08999999997,6356593.75,175.74,1218.0,10.340006103515634
383990.52,6356572.57,191.09,1219.0,12.819995727539066
383538.23,6356865.74,169.71,1220.0,4.7600030517578205
383597.47,6356708.5,178.16,1221.0,19.159999999999997
383540.17,6356982.67,187.86,1222.0,21.529998168945326
383777.68,6356673.72,174.83,1223.0,10.869993286132825
383546.57999999996,6356773.88,166.94,1224.0,5.329999389648435
383967.64,6356573.11,197.39000000000001,1225.0,18.630005493164077
383746.19,6356599.92,193.09,1226.0,17.890003051757816
383655.32,6356676.52,173.14000000000001,1227.0,6.640000000000015
383719.38,6356837.43,184.14000000000001,1228.0,17.699997558593765
383887.25,6356775.92,192.55,1229.0,19.100003051757824
383939.08999999997,6356658.46,185.32,1230.0,10.540001220703118
383999.08999999997,6356905.03,192.56,1231.0,12.899996337890627
383591.98,6356729.82,174.67000000000002,1232.0,15.670000000000016
383752.76,6356542.5,175.23,1233.0,4.080006103515615
383949.83999999997,6356729.21,187.63,1234.0,10.52999389648437
383734.91000000003,6356922.24,181.03,1235.0,17.66999938964844
383669.9,6356925.51,177.3,1236.0,20.12000732421876
383575.9,6356829.25,166.25,1237.0,4.5200042724609375
383865.73,6356548.84,178.12,1238.0,14.89999877929688
383824.03,6356994.44,176.09,1239.0,2.7399938964843784
383965.68,6356691.5,193.36,1240.0,11.180007324218764
383746.15,6356539.68,174.36,1241.0,3.999999389648451
383784.8,6356774.21,181.71,1242.0,13.87999816894532
383957.49,6356817.32,194.68,1243.0,20.379996948242194
383999.97,6356729.14,196.53,1244.0,11.020005493164064
383646.82999999996,6356974.16,164.53,1245.0,3.589997558593751
383882.62,6356500.39,179.1,1246.0,10.019998168945307
383891.66000000003,6356707.97,170.66,1247.0,7.109996948242184
383644.89,6356854.2,180.15,1248.0,21.780004882812506
383701.1,6356901.16,186.16,1249.0,26.740001831054684
383950.93,6356884.94,191.87,1250.0,21.09000122070313
383911.78,6356707.99,179.29,1251.0,13.439993896484367
383751.26,6356693.32,184.14000000000001,1252.0,10.059998168945327
383990.07,6356875.67,193.28,1253.0,11.780000000000001
383623.91000000003,6356862.59,176.37,1254.0,18.349995727539067
383722.9,6356537.58,170.26,1255.0,4.670003662109366
383718.87,6356738.99,185.03,1256.0,18.16999938964844
383869.45999999996,6356853.47,180.39000000000001,1257.0,17.22999633789064
383668.44,6356674.2,173.59,1258.0,4.050006713867191
383601.56,6356532.18,161.12,1259.0,4.7500048828125045
383944.77,6356761.76,187.35,1260.0,12.460000610351557
383984.69,6356695.79,188.96,1261.0,4.810006103515633
383986.26,6356736.83,194.64000000000001,1262.0,9.899994506835952
383899.22,6356750.85,193.34,1263.0,21.819995727539066
383630.22,6356989.09,167.66,1264.0,4.139995727539059
383576.29000000004,6356558.93,161.77,1265.0,5.570003051757823
383818.19999999995,6356846.45,185.06,1266.0,17.280001220703127
383754.54000000004,6356584.68,178.14000000000001,1267.0,5.339996948242202
383708.68,6356717.56,187.19,1268.0,19.869992675781248
383565.68,6356987.7,187.77,1269.0,21.309993286132823
383684.35,6356708.49,186.45000000000002,1270.0,19.580004882812517
383514.99,6356713.99,179.39000000000001,1271.0,17.190003051757827
383789.77,6356760.45,180.65,1272.0,14.409994506835943
383519.27,6356544.2,153.67000000000002,1273.0,5.949998779296891
383813.31,6356917.01,175.98,1274.0,9.129993896484365
383748.32,6356647.24,178.20000000000002,1275.0,4.520007324218767
383739.89,6356987.31,165.26,1276.0,1.4599969482421784
383945.43,6356886.95,194.88,1277.0,24.15999877929687
383967.05,6356754.94,193.45000000000002,1278.0,11.289996337890642
383900.47,6356784.07,190.96,1279.0,17.239998779296883
383507.08999999997,6356672.39,175.27,1280.0,16.63999511718751
383592.19,6356769.96,177.81,1281.0,18.920000610351565
383848.44999999995,6356906.61,185.11,1282.0,20.75999389648439
383789.6,6356720.48,181.59,1283.0,17.910007324218753
383520.32,6356789.43,169.96,1284.0,6.090004882812508
383942.65,6356537.85,184.26,1285.0,7.840001831054678
383558.02,6356985.68,189.52,1286.0,22.749995727539073
383905.44999999995,6356533.93,176.66,1287.0,11.829998168945309
383829.63,6356666.15,177.84,1288.0,14.890003051757816
383777.28,6356517.19,174.42000000000002,1289.0,3.759996337890641
383730.15,6356870.74,185.51,1290.0,25.929998168945303
383865.54000000004,6356769.42,173.48,1291.0,8.959995727539052
383778.45999999996,6356628.46,177.42000000000002,1292.0,5.080003662109391
383664.3,6356944.04,178.52,1293.0,21.59000732421876
383550.32,6356666.49,166.08,1294.0,5.1699963378906375
383852.57,6356824.56,175.92000000000002,1295.0,13.229997558593766
383679.26,6356545.5,169.06,1296.0,10.789995727539065
383537.64,6356509.72,159.35,1297.0,15.359994506835932
383698.32999999996,6356628.27,170.53,1298.0,5.759995727539064
383736.61,6356802.93,184.85,1299.0,16.159997558593744
383893.79000000004,6356769.47,188.14000000000001,1300.0,14.710007324218765
383953.41000000003,6356552.65,192.64000000000001,1301.0,14.24000610351564
383958.66000000003,6356824.1,197.06,1302.0,21.959993896484377
383946.37,6356854.22,193.48000000000002,1303.0,22.420002441406268
383804.57,6356640.31,176.4,1304.0,4.980001831054693
383522.44999999995,6356539.97,154.53,1305.0,6.640000610351564
383680.98,6356992.63,160.11,1306.0,4.199996337890639
383905.78,6356666.69,173.62,1307.0,10.170003051757817
383857.15,6356832.81,182.06,1308.0,19.289995727539065
383594.78,6356681.72,181.77,1309.0,22.540004272460948
383944.06,6356935.69,194.64000000000001,1310.0,23.270004882812515
383823.68,6356684.16,180.95000000000002,1311.0,17.81000061035158
383771.87,6356994.32,176.03,1312.0,4.819993286132814
383695.66000000003,6356866.96,183.6,1313.0,22.579995727539057
383893.13,6356545.27,175.51,1314.0,11.179998168945303
383882.07,6356588.81,173.43,1315.0,9.760001831054694
383908.65,6356717.89,176.8,1316.0,11.079998779296886
383790.95999999996,6356973.58,173.1,1317.0,4.879998779296869
383870.24,6356862.31,183.18,1318.0,19.819999389648444
383664.64,6356869.36,180.32,1319.0,21.65000183105468
383823.27,6356865.74,186.54,1320.0,17.969992675781242
